,price,rooms,area,floor,floors_total,adress,subway_station,distance to subway
0,9000000,1,72.0,5,6,"1-я Утиная улица, 28",Озерки,12000
1,22080000,2,94.0,6,8,"4-я Советская улица, 9",Площадь Восстания,800
2,18960000,3,181.0,10,10,"Афанасьевская улица, 1",Озерки,5000
3,10495000,3,86.0,10,11,"Кременчугская улица, 17к3",Площадь Восстания,1000
4,5650000,1,37.0,14,17,"Богатырский проспект, 36к1",Комендантский проспект,1800
5,7650000,3,75.0,1,5,"Перевозный переулок, 9",Новочеркасская,500
6,5750000,1,43.0,17,20,"Парашютная улица, 38к4",Комендантский проспект,3000
7,18970000,4,256.0,10,10,"Афанасьевская улица, 1",Удельная,8000
8,22750000,5,420.0,10,10,"Афанасьевская улица, 1",Озерки,2600
9,7730000,3,84.0,1,4,"Пулковское тер., Неоклассика ЖК",Купчино,
10,9022000,2,65.0,13,19,"Общественный переулок, 5",Елизаровская,1000
11,17000000,3,86.0,7,11,"Пионерская улица, 50",Чкаловская,1500
12,18600000,2,77.0,7,10,"Кирочная улица, 57",Площадь Восстания,2600
13,28000000,4,167.0,5,6,"Кронверкская улица, 29/37",Петроградская,700
14,48700000,4,200.0,8,9,"Серпуховская улица, 34",Технологический институт,700
15,3090000,1,29.0,20,21,"аллея Арцеуловская, 23к1",Комендантский проспект,10000
16,6282000,1,43.0,14,19,"Общественный переулок, 5",Елизаровская,1000
17,28979000,3,128.0,4,10,"Кирочная улица, 57",Чернышевская,2300
18,10558000,3,89.0,2,19,"Общественный переулок, 5",Елизаровская,1000
19,4743000,1,56.0,3,14,"Приморское шоссе, 352",Беговая,25000
20,55000000,4,222.0,5,5,"Караванная улица, 11/64",Гостиный двор,900
21,11357840,3,87.0,6,11,"24-я Васильевского острова линия, 29",Василеостровская,2000
22,11120000,3,92.0,7,11,"Кременчугская улица, 21к3",Площадь Александра Невского,1500
23,11226000,3,94.0,2,10,"Уральская улица, 6",Василеостровская,1500
24,11521000,3,97.0,3,10,"Кременчугская улица, 13к2",Площадь Восстания,1200
25,8300000,1,51.0,2,14,"Смоленская улица, 14",Фрунзенская,600
26,9205000,2,79.0,3,10,"Уральская улица, 6",Василеостровская,1500
27,2564000,1,26.0,17,19,"Комендантский проспект, 57к1",Комендантский проспект,10000
28,3600000,1,37.0,3,10,"Октябрьская набережная, 124К5",Ломоносовская,10000
29,11750000,3,120.0,3,5,"Шпалерная улица, 8",Чернышевская,1500
30,11783000,3,99.0,3,10,"Уральская улица, 6",Василеостровская,1500
31,12285000,4,108.0,3,10,"Кременчугская улица, 17к3",Площадь Восстания,1500
32,40400000,3,186.0,4,12,"Ждановская улица, 45",Крестовский остров,1700
33,10395000,3,80.0,5,8,"аллея Поликарпова, 10К3",Пионерская,700
34,11073000,3,97.0,10,17,"Заставская улица, 46к3",Московские ворота,500
35,13143000,4,112.0,6,11,"Кременчугская улица, 17к3",Площадь Восстания,1500
36,15986000,3,92.0,6,23,"Комендантский проспект, 58к1",Комендантский проспект,10000
37,9500000,2,67.0,10,25,"улица Брянцева, 7к1",Гражданский проспект,1300
38,7450000,4,87.0,1,9,"улица Брянцева, 2К1",Гражданский проспект,1600
39,105000000,5,239.0,5,5,"Большая Конюшенная улица, 13",Невский проспект,1000
40,2720000,1,28.0,4,23,"улица Русановская, 19к2",Ломоносовская,15000
41,7450000,4,87.0,1,9,"улица Брянцева, 2К1",Гражданский проспект,1600
42,16062760,3,117.0,9,12,"Уральская улица, 6",Василеостровская,10000
43,32000000,3,150.0,8,15,"Ждановская улица, 45",Крестовский остров,1700
44,15609686,3,118.0,16,24,"Московский проспект, 183-185",Московская,500
45,4950000,1,34.0,22,26,"проспект Луначарского, 78к5А",Гражданский проспект,15000
46,5200000,2,53.0,19,27,"Заречная улица, 33",Парнас,600
47,5500000,1,35.0,23,25,"дорога Кушелевская, 5к4",Лесная,2000
48,10600000,1,35.0,3,5,"улица Радищева, 34",Чернышевская,500
49,11008143,2,76.0,6,11,"Уральская улица, 4к2",Василеостровская,1300
50,12196859,3,112.0,2,18,"Московский проспект, 115",Московские ворота,500
51,12690000,4,108.0,7,10,"Кременчугская улица, 19к2",Лиговский проспект,1400
52,14316362,2,99.0,10,11,"Уральская улица, 4к2",Василеостровская,1300
53,15474270,2,86.0,5,9,"Исполкомская улица, 17",Площадь Александра Невского,1000
54,15599000,2,79.0,7,10,"Кирочная улица, 70",Площадь Александра Невского,2700
55,17572000,2,67.0,4,9,"Петровский проспект, 24к3",Крестовский остров,1600
56,18330000,3,105.0,6,10,"Кирочная улица, 70",Площадь Александра Невского,2700
57,28025120,3,142.0,4,7,"Смольный проспект, 3",Чернышевская,5000
58,3339220,1,21.0,6,14,"Большой Сампсониевский проспект, 68Ж",Выборгская,2000
59,3318820,1,39.0,1,15,"Пулковское шоссе, 30",Московская,8000
60,3299000,1,27.0,3,12,"проспект Маршала Блюхера, 7к3",Лесная,2000
61,3298110,1,39.0,1,15,"Пулковское шоссе, 30",Московская,8000
62,3289440,1,27.0,1,4,"Захаржевская улица, 14",Московская,25000
63,3294900,1,37.0,14,19,"Комендантский проспект, 59к1",Комендантский проспект,10000
64,40554000,3,141.0,9,11,"улица Грота, 1-3В",Петроградская,1500
65,68238500,2,124.0,6,9,"набережная Воскресенская, 30",Чернышевская,1500
66,3879230,1,32.0,4,12,"Индустриальный проспект, 27",Ладожская,7000
67,4961740,2,60.0,14,24,"Заречная улица, 17к2",Парнас,2000
68,5054700,1,41.0,22,24,"бульвар Балтийский, 4",Ленинский проспект,10000
69,5317236,1,54.0,16,16,"улица Маршала Тухачевского, 23",Площадь Ленина,15000
70,5316440,1,51.0,2,16,"улица Маршала Тухачевского, 23",Площадь Ленина,15000
71,5365550,1,45.0,22,24,"бульвар Балтийский, 4",Ленинский проспект,10000
72,6999218,1,49.0,2,11,"Уральская улица, 6",Василеостровская,1300
73,7002861,2,81.0,5,16,"улица Маршала Тухачевского, 23",Площадь Ленина,15000
74,7004800,1,40.0,11,13,"Приморский проспект, 62к1",Старая Деревня,5000
75,7241369,1,52.0,2,11,"Уральская улица, 6",Василеостровская,1300
76,7202360,2,58.0,1,5,"улица Катерников, 5к1",Проспект Ветеранов,15000
77,7347600,2,57.0,12,23,"Октябрьская набережная, 44к2",Улица Дыбенко,25000
78,7783776,1,44.0,3,13,"Дальневосточный проспект, 12к2",Проспект Большевиков,2000
79,8200000,1,53.0,2,8,"Ярославский проспект, 27",Удельная,1000
80,8345006,2,61.0,7,19,"Общественный переулок, 5",Елизаровская,1000
81,8323500,3,90.0,2,24,"бульвар Балтийский, 4",Ленинский проспект,10000
82,9120000,3,96.0,1,16,"Складская улица, 5",Проспект Большевиков,3000
83,9205933,2,79.0,3,11,"Уральская улица, 6",Василеостровская,1300
84,6300570,2,64.0,1,5,"улица Камероновская, 10с2",Московская,25000
85,31200000,3,166.0,9,9,"Исполкомская улица, 17",Площадь Александра Невского,500
86,10282000,2,86.0,6,12,"Уральская улица, 6",Василеостровская,10000
87,9950700,2,82.0,2,11,"Уральская улица, 6",Василеостровская,1300
88,9970400,3,97.0,21,24,"бульвар Балтийский, 4",Ленинский проспект,10000
89,10063900,2,91.0,21,25,"Светлановский проспект, 121к1",Гражданский проспект,2000
90,10089786,2,74.0,4,19,"Общественный переулок, 5",Елизаровская,1000
91,10411354,2,68.0,7,11,"Уральская улица, 6",Василеостровская,1300
92,10500000,3,86.0,9,16,"Дунайский проспект, 34/16",Купчино,1100
93,10569640,3,99.0,7,25,"проспект Просвещения, 43",Проспект Просвещения,2000
94,10658226,3,89.0,2,19,"Общественный переулок, 5",Елизаровская,1000
95,10836700,2,79.0,6,14,"улица Жукова, 1",Площадь Ленина,10000
96,11235759,3,96.0,7,11,"Кременчугская улица, 21к3",Площадь Восстания,500
97,11519348,3,97.0,18,18,"Заставская улица, 46к3",Московские ворота,500
98,11452725,1,42.0,1,6,"Петровский проспект, 2",Чкаловская,1700
99,11584650,3,88.0,7,11,"24-я Васильевского острова линия, 29",Василеостровская,2000
100,11650000,2,80.0,1,8,"Ярославский проспект, 27",Удельная,1000
101,11700000,1,74.0,2,5,"Нижне-Каменская улица, 7к1",Комендантский проспект,23000
102,12136116,3,90.0,3,9,"Кременчугская улица, 9К1",Площадь Восстания,500
103,12180426,3,106.0,6,18,"Заставская улица, 46к3",Московские ворота,500
104,12447933,3,105.0,2,11,"Уральская улица, 6",Василеостровская,1300
105,12450710,3,94.0,3,10,"24-я Васильевского острова линия, 25В",Василеостровская,5000
106,12849209,4,114.0,2,11,"Кременчугская улица, 17к2",Площадь Восстания,500
107,12751083,4,112.0,3,11,"Кременчугская улица, 17к2",Площадь Восстания,500
108,12980000,2,78.0,7,11,"Ждановская улица, 43к2",Чкаловская,1800
109,13544976,3,123.0,4,19,"Киевская улица, 4",Фрунзенская,500
110,13554727,3,101.0,6,11,"Уральская улица, 6",Василеостровская,1300
111,14020656,3,94.0,4,19,"Общественный переулок, 5",Елизаровская,1000
112,27407570,4,148.0,6,9,"Крапивный переулок, 4",Выборгская,200
113,10800000,3,102.0,23,24,"Парашютная улица, 52",Комендантский проспект,9000
114,14229000,4,112.0,22,24,"бульвар Балтийский, 4",Ленинский проспект,10000
115,14272500,2,87.0,3,8,"улица Мира, 36",Горьковская,1000
116,16100000,3,102.0,2,8,"Ярославский проспект, 27",Удельная,1000
117,16280000,3,117.0,5,17,"Ушаковская набережная, 3к2",Чёрная речка,1200
118,16846500,3,102.0,3,8,"улица Мира, 36",Горьковская,1000
119,17289000,3,102.0,4,8,"улица Мира, 36",Горьковская,1500
120,17800000,3,118.0,2,8,"Ярославский проспект, 27",Удельная,1000
121,18583200,3,107.0,12,13,"Приморский проспект, 62к1",Старая Деревня,5000
122,19037156,2,67.0,7,9,"Петровский проспект, 24к3",Чкаловская,5000
123,21937344,2,75.0,6,9,"переулок Басков, 2",Чернышевская,1000
124,22064000,4,138.0,5,8,"улица Мира, 36",Горьковская,1000
125,22376250,3,128.0,9,10,"Петровский проспект, 5",Чкаловская,1500
126,24595000,3,141.0,7,10,"Аптекарский проспект, 18",Петроградская,1500
127,28177652,4,167.0,10,11,"набережная Реки Смоленки, 3к1",Василеостровская,1300
128,30030000,4,155.0,7,9,"улица Рентгена, 19",Петроградская,5000
129,34970685,4,157.0,9,10,"Пискаревский проспект, 1",Площадь Ленина,10000
130,39516000,2,107.0,7,7,"Вязовая улица, 8",Крестовский остров,1500
131,40942720,4,166.0,4,9,"переулок Басков, 2",Чернышевская,1000
132,42982800,3,103.0,7,7,"Морской проспект, 29",Крестовский остров,500
133,43400000,2,109.0,5,7,"Вязовая улица, 8",Крестовский остров,1500
134,46802700,3,120.0,5,7,"Морской проспект, 29",Крестовский остров,500
135,57882663,4,171.0,5,8,"Смольная набережная, 12",Чернышевская,1200
136,66000000,3,153.0,3,9,"набережная Реки Фонтанки, 76к2",Владимирская,500
137,66485972,4,177.0,5,8,"Орловская улица, 1к3",Чернышевская,1200
138,120287430,4,270.0,8,8,"Орловская улица, 1к3",Чернышевская,10000
139,5250000,1,39.0,6,26,"проспект Луначарского, 78к5А",Гражданский проспект,15000
140,6491710,2,49.0,4,5,"улица Катерников, 6к1",Проспект Ветеранов,15000
141,46802700,3,120.0,5,7,"Морской проспект, 29",Крестовский остров,500
142,57882663,4,171.0,5,8,"Смольная набережная, 12",Чернышевская,1200
143,61120840,4,171.0,8,9,"переулок Басков, 2",Чернышевская,1500
144,66000000,3,153.0,3,9,"набережная Реки Фонтанки, 76к2",Владимирская,500
145,66485972,4,177.0,5,8,"Орловская улица, 1к3",Чернышевская,1200
146,120287430,4,270.0,8,8,"Орловская улица, 1к3",Чернышевская,10000
147,1880000,1,14.0,2,5,"Кирочная улица, 8",Чернышевская,500
148,1880000,1,14.0,2,5,"Большая Пушкарская улица, 52",Петроградская,600
149,1920000,1,15.0,2,4,"Разъезжая улица, 43/1",Лиговский проспект,100
150,2090000,1,16.0,2,4,"Херсонская улица, 31",Площадь Александра Невского,900
151,2150000,1,16.0,2,5,"6-я Красноармейская улица, 14",Технологический институт,800
152,2210000,1,17.0,2,6,"улица Константина Заслонова, 21",Лиговский проспект,700
153,2250000,1,17.0,1,5,"Зверинская улица, 34",Спортивная,1100
154,2350000,1,18.0,2,4,"5-я Советская улица, 24/13",Площадь Восстания,1100
155,2620000,1,20.0,2,4,"улица Маркина, 2",Горьковская,800
156,2680000,1,20.0,2,5,"Фурштатская улица, 13",Чернышевская,800
157,2880000,1,23.0,15,25,"улица Цимбалина, 25",Ломоносовская,1800
158,3250000,1,24.0,15,24,"Парашютная улица, 38к1",Комендантский проспект,10000
159,3400000,1,31.0,1,5,"проспект Юрия Гагарина, 38К3",Звёздная,1500
160,3600000,1,31.0,2,5,"проспект Космонавтов, 30К1",Московская,1000
161,3700200,1,25.0,10,12,"Витебский проспект, 15ЕЖ",Парк Победы,1500
162,3800000,1,33.0,6,25,"улица Оптиков, 45к2",Беговая,2700
163,10990000,1,122.0,3,7,"Загородный проспект, 24",Владимирская,700
164,59500000,1,203.0,4,10,"Ждановская улица, 45",Чкаловская,1600
165,15429180,2,85.0,6,9,"Крапивный переулок, 4",Выборгская,200
166,4300000,1,42.0,12,26,"улица Михаила Дудина, 25к2",Парнас,600
167,4601380,1,30.0,14,14,"улица Парфеновская, 9к2",Фрунзенская,1000
168,4600000,1,39.0,13,16,"Стародеревенская улица, 21к1",Старая Деревня,1500
169,4650000,2,44.0,4,9,"улица Шотмана, 6К1",Улица Дыбенко,1400
170,4919846,1,46.0,2,17,"Кондратьевский проспект, 58",Лесная,10000
171,4949000,3,61.0,1,3,"улица Пилотов, 28К2",Московская,15000
172,4971916,1,48.0,2,16,"улица Маршала Тухачевского, 23",Площадь Ленина,15000
173,5317236,1,54.0,16,16,"улица Маршала Тухачевского, 23",Площадь Ленина,15000
174,5428689,1,55.0,13,16,"улица Маршала Тухачевского, 23",Площадь Ленина,15000
175,5530000,1,43.0,2,18,"улица Коллонтай, 2",Проспект Большевиков,1500
176,5500000,1,36.0,15,25,"проспект Народного ополчения, 10",Ленинский проспект,1100
177,6200000,3,60.0,9,9,"проспект Славы, 4",Проспект Славы,1800
178,6349575,3,82.0,3,24,"Усть-Славянка тер., улица Заводская",Рыбацкое,4000
179,6498547,2,61.0,16,17,"Московское шоссе, 13Б",Звёздная,5000
180,7090683,1,55.0,3,11,"Уральская улица, 6",Василеостровская,1300
181,22700000,4,160.0,1,8,"Ярославский проспект, 27",Удельная,1000
182,4130000,1,35.0,3,7,"Ленинский проспект, 56",Ленинский проспект,10000
183,7141500,1,53.0,4,14,"улица Жукова, 1",Площадь Ленина,15000
184,7194400,2,74.0,1,6,"дорога Таможенная, 11к1с1",Чёрная речка,30000
185,7392000,1,62.0,3,11,"24-я Васильевского острова линия, 29",Василеостровская,2000
186,7500000,1,53.0,7,10,"улица Черняховского, 25",Лиговский проспект,600
187,7507749,2,68.0,4,4,"Пулковское тер., улица Образцовая",Московская,20000
188,7666950,2,65.0,22,24,"бульвар Балтийский, 4",Ленинский проспект,10000
189,7994800,2,87.0,4,21,"Приморское шоссе, 352",Старая Деревня,30000
190,8700000,3,71.0,3,25,"улица Коллонтай, 5/1",Проспект Большевиков,1700
191,8899000,2,64.0,13,22,"проспект Просвещения, 33к1",Проспект Просвещения,900
192,8960200,1,63.0,5,8,"Ремесленная улица, 21",Чкаловская,2000
193,8966700,2,74.0,19,24,"бульвар Балтийский, 4",Ленинский проспект,10000
194,9056135,3,87.0,2,30,"проспект Просвещения, 43",Проспект Просвещения,10000
195,9572310,3,88.0,4,5,"улица Камероновская, 10с4",Московская,25000
196,9854951,2,56.0,3,13,"Дальневосточный проспект, 12к1",Проспект Большевиков,2000
197,10388700,2,67.0,16,25,"проспект Космонавтов, 102Б",Звёздная,1000
198,11151800,2,81.0,5,14,"улица Жукова, 1",Площадь Ленина,15000
199,11284700,2,66.0,2,8,"Приморский проспект, 52К3",Старая Деревня,1500
200,11894950,1,66.0,9,10,"Петровский проспект, 5",Чкаловская,1500
201,11900000,4,97.0,15,20,"проспект Энергетиков, 9",Ладожская,1600
202,12000000,3,105.0,3,5,"Разъезжая улица, 15",Владимирская,500
203,12210000,2,74.0,3,8,"улица Мира, 36",Горьковская,1000
204,12500000,4,120.0,4,4,"Вознесенский проспект, 21",Садовая,800
205,12500000,4,120.0,4,4,"Вознесенский проспект, 21",Садовая,800
206,61132000,4,197.0,10,11,"улица Грота, 1-3В",Петроградская,1500
207,45597000,3,138.0,7,9,"переулок Басков, 2",Чернышевская,1500
208,4850000,1,40.0,9,27,"улица Валерия Гаврилина, 3к2",Парнас,600
209,15626730,3,118.0,9,14,"улица Жукова, 3",Площадь Ленина,15000
210,15876000,2,87.0,6,9,"улица Рентгена, 19",Петроградская,5000
211,15976150,1,50.0,4,6,"Петровский проспект, 1",Чкаловская,1700
212,16282660,3,119.0,12,14,"улица Жукова, 3",Площадь Ленина,10000
213,17000000,1,70.0,7,10,"Корпусная улица, 9",Чкаловская,400
214,18300000,3,117.0,3,8,"Ярославский проспект, 27",Удельная,1000
215,23000000,4,149.0,4,5,"проспект Большой Петроградской стороны, 47",Петроградская,900
216,23795000,2,135.0,7,10,"Аптекарский проспект, 18",Петроградская,1500
217,25414560,3,100.0,10,10,"Пискаревский проспект, 1",Площадь Ленина,10000
218,39542202,4,143.0,6,9,"переулок Басков, 2",Чернышевская,1000
219,65239200,4,160.0,6,7,"Морской проспект, 29",Крестовский остров,500
220,44000000,3,113.0,3,6,"Смольная набережная, 12",Чернышевская,10000
221,11808800,2,102.0,1,4,"Захаржевская улица, 14",Московская,25000
222,115000000,6,848.0,1,4,"Галерная улица, 61",Василеостровская,2300
223,3985740,1,33.0,12,12,"Кубинская улица, 82к1",Московская,7000
224,4890000,1,39.0,4,4,"Московский проспект, 70К3",Фрунзенская,100
225,6580000,2,64.0,4,17,"проспект Маршала Блюхера, 9к1",Лесная,2800
226,8920000,1,52.0,10,14,"Смоленская улица, 14",Фрунзенская,500
227,11150000,2,58.0,13,14,"Смоленская улица, 14",Фрунзенская,500
228,4950000,1,43.0,12,17,"проспект Маршала Блюхера, 9к1",Лесная,2800
229,5480000,2,53.0,9,16,"проспект Металлистов, 117",Лесная,10000
230,14299000,1,103.0,4,21,"проспект Королева, 21а",Комендантский проспект,10000
231,5900000,2,51.0,4,5,"Новолитовская улица, 11К1",Лесная,1000
232,6500000,2,57.0,4,4,"улица Вячеслава Шишкова, 16",Купчино,15000
233,7800000,1,43.0,12,18,"Варшавская улица, 23к2",Парк Победы,1100
234,8600000,2,64.0,15,19,"улица Парфеновская, 9к1",Балтийская,1800
235,10100000,3,87.0,4,10,"улица Парфеновская, 9к1",Балтийская,1800
236,14000000,2,71.0,7,18,"27-я В.О. линия, 16",Горный институт,600
237,16900000,4,88.0,2,5,"набережная Мартынова, 12",Крестовский остров,400
238,16900000,3,88.0,2,5,"набережная Мартынова, 12",Крестовский остров,400
239,18950000,3,133.0,7,14,"Смоленская улица, 14",Фрунзенская,500
240,1600000,1,27.0,7,18,"Садовая улица, 4",Рыбацкое,10000
241,1713380,1,27.0,1,3,"улица Коммуны, 10",Ладожская,8000
242,1793330,1,19.0,5,9,"Славянка тер., улица Ростовская",Купчино,20000
243,1839830,1,20.0,4,9,"Славянка тер., улица Ростовская",Купчино,20000
244,5426659,1,40.0,18,23,"улица Дыбенко, 8к2",Улица Дыбенко,2000
245,1713380,1,27.0,1,3,"улица Коммуны, 10",Ладожская,8000
246,1793330,1,19.0,5,9,"Славянка тер., улица Ростовская",Купчино,20000
247,1839830,1,20.0,4,9,"Славянка тер., улица Ростовская",Купчино,20000
248,1887340,1,21.0,10,11,"проспект Старорусский, 13к1",Купчино,17000
249,1912920,1,22.0,2,11,"проспект Старорусский, 13к1",Купчино,17000
250,1930810,1,23.0,2,11,"проспект Старорусский, 13к1",Купчино,17000
251,1911600,1,36.0,1,3,"улица Коммуны, 10",Ладожская,7000
252,2036060,1,26.0,1,24,"Усть-Славянка тер., проспект Советский",Рыбацкое,10000
253,12000000,2,74.0,7,25,"Приморский проспект, 137к2",Чёрная речка,10000
254,8300000,2,54.0,10,17,"улица Адмирала Черокова, 20",Ленинский проспект,23000
255,2142320,1,22.0,9,9,"Славянка тер., улица Ростовская",Купчино,20000
256,2168260,1,24.0,4,11,"проспект Старорусский, 13к1",Купчино,17000
257,2192380,1,26.0,1,27,"Усть-Славянка тер., улица Славянская",Рыбацкое,10000
258,2167060,1,22.0,11,14,"Усть-Славянка тер., проспект Советский",Рыбацкое,10000
259,2189700,1,24.0,9,19,"Комендантский проспект, 57к1",Комендантский проспект,10000
260,7700000,2,66.0,7,24,"Комендантский проспект, 53к3",Комендантский проспект,7000
261,6920000,1,110.0,1,4,"улица Всеволода Боброва, 33",Беговая,20000
262,17300000,2,116.0,2,5,"Нижне-Каменская улица, 7к1",Комендантский проспект,23000
263,2219400,1,25.0,18,19,"Комендантский проспект, 57к1",Комендантский проспект,10000
264,2227500,1,25.0,18,19,"Комендантский проспект, 59к1",Комендантский проспект,10000
265,2249000,1,17.0,2,5,"Загородный проспект, 24",Владимирская,1000
266,2250320,1,25.0,4,11,"проспект Старорусский, 13к1",Купчино,17000
267,2324100,1,27.0,2,11,"проспект Старорусский, 13к1",Купчино,17000
268,2320330,1,29.0,22,25,"Усть-Славянка тер., улица Славянская",Рыбацкое,10000
269,7500000,3,70.0,4,12,"проспект Энтузиастов, 44",Ладожская,10000
270,7980000,3,88.0,4,4,"1-я Советская улица, 12",Площадь Восстания,500
271,2300000,1,20.0,4,4,"8-я Советская улица, 46",Площадь Восстания,1800
272,2392950,1,23.0,11,19,"Комендантский проспект, 57к1",Комендантский проспект,10000
273,2350000,2,62.0,5,14,"набережная Обводного Канала, 108",Фрунзенская,600
274,2400000,1,25.0,22,27,"проспект Новгородский, 4",Купчино,1500
275,9205000,1,79.0,3,10,"Уральская улица, 6",Василеостровская,1600
276,2407000,1,18.0,2,5,"Социалистическая улица, 3",Звенигородская,1000
277,2419000,1,18.0,2,5,"улица Блохина, 4",Спортивная,1000
278,2468700,1,27.0,12,24,"Усть-Славянка тер., улица Заводская",Рыбацкое,15000
279,2492160,1,26.0,14,19,"Комендантский проспект, 59к1",Комендантский проспект,10000
280,2461500,1,27.0,19,19,"Комендантский проспект, 57к1",Комендантский проспект,10000
281,2479000,1,17.0,2,4,"Гражданская улица, 7",Садовая,200
282,2450000,1,25.0,12,24,"улица Русановская, 16к1",Пролетарская,15000
283,2450000,1,24.0,12,24,"улица Русановская, 16к1",Пролетарская,15000
284,2457000,1,18.0,2,5,"набережная Реки Фонтанки, 82/1",Звенигородская,1000
285,2514720,1,24.0,16,32,"Усть-Славянка тер., улица Заводская",Рыбацкое,15000
286,2516590,1,25.0,21,32,"Усть-Славянка тер., улица Заводская",Рыбацкое,15000
287,5500000,1,46.0,2,6,"8-я Красноармейская улица, 23",Балтийская,1000
288,12730000,3,98.0,2,10,"Кременчугская улица, 13к1",Площадь Восстания,1500
289,14900000,3,97.0,11,16,"Учебный переулок, 2",Озерки,1000
290,2457000,1,18.0,2,5,"набережная Реки Фонтанки, 82/1",Звенигородская,1000
291,2516590,1,25.0,21,32,"Усть-Славянка тер., улица Заводская",Рыбацкое,15000
292,2520000,1,28.0,18,19,"Комендантский проспект, 57к1",Комендантский проспект,10000
293,2500000,1,27.0,5,27,"проспект Новгородский, 4",Купчино,30000
294,2560500,1,28.0,18,19,"Комендантский проспект, 59к1",Комендантский проспект,10000
295,2550000,1,26.0,1,12,"проспект Ветеранов, 171к2",Проспект Ветеранов,15000
296,2575000,1,20.0,2,11,"Политехническая улица, 6",Площадь Мужества,1000
297,5178740,1,43.0,2,20,"улица Обручевых, 5",Академическая,1000
298,5100000,1,45.0,7,7,"Комендантский проспект, 50К1",Комендантский проспект,8000
299,2600000,1,23.0,13,18,"улица Среднерогатская, 16к4",Звёздная,5000
300,2627080,1,22.0,15,18,"улица Среднерогатская, 16к2",Звёздная,5000
301,2646370,1,23.0,13,18,"улица Среднерогатская, 16к2",Звёздная,5000
302,2628040,1,27.0,13,15,"Пулковское шоссе, 30",Московская,8000
303,2600000,2,70.0,3,9,"улица Шкиперский проток, 2",Горный институт,1700
304,2620000,1,24.0,8,12,"проспект Ветеранов, 171к4",Проспект Ветеранов,15000
305,2682780,1,36.0,2,9,"Славянка тер., улица Ростовская",Купчино,20000
306,2653380,1,22.0,11,18,"улица Среднерогатская, 16к4",Звёздная,5000
307,2657760,1,24.0,7,18,"улица Среднерогатская, 16к4",Звёздная,5000
308,2667530,1,24.0,2,18,"улица Среднерогатская, 16к2",Звёздная,5000
309,2675540,1,25.0,2,18,"улица Среднерогатская, 16к2",Звёздная,5000
310,2516590,1,25.0,21,32,"Усть-Славянка тер., улица Заводская",Рыбацкое,15000
311,2514720,1,24.0,16,32,"Усть-Славянка тер., улица Заводская",Рыбацкое,15000
312,2457000,1,18.0,2,5,"набережная Реки Фонтанки, 82/1",Звенигородская,1000
313,2450000,1,24.0,12,24,"улица Русановская, 16к1",Пролетарская,15000
314,2450000,1,25.0,12,24,"улица Русановская, 16к1",Пролетарская,15000
315,2479000,1,17.0,2,4,"Гражданская улица, 7",Садовая,200
316,2461500,1,27.0,19,19,"Комендантский проспект, 57к1",Комендантский проспект,10000
317,2492160,1,26.0,14,19,"Комендантский проспект, 59к1",Комендантский проспект,10000
318,2468700,1,27.0,12,24,"Усть-Славянка тер., улица Заводская",Рыбацкое,15000
319,2450060,1,25.0,1,12,"проспект Ветеранов, 173к7",Проспект Ветеранов,15000
320,2419000,1,18.0,2,5,"улица Блохина, 4",Спортивная,1000
321,2407000,1,18.0,2,5,"Социалистическая улица, 3",Звенигородская,1000
322,7353000,1,49.0,7,13,"набережная Реки Смоленки, 3к1",Василеостровская,10000
323,22300000,3,145.0,1,5,"Нижне-Каменская улица, 7к1",Комендантский проспект,5000
324,2750000,1,27.0,14,25,"Комендантский проспект, 64к1",Комендантский проспект,10000
325,2760120,1,21.0,5,7,"набережная Реки Каменки, 11к2",Озерки,20000
326,2764280,1,24.0,15,21,"Полевая Сабировская улица, 45к1",Старая Деревня,2000
327,2793980,1,22.0,16,23,"Октябрьская набережная, 44к2",Улица Дыбенко,25000
328,2757600,1,31.0,19,19,"Комендантский проспект, 59к1",Комендантский проспект,10000
329,2795000,1,24.0,4,13,"проспект Ветеранов, 169к3",Проспект Ветеранов,23000
330,2750000,1,27.0,20,25,"улица Русановская, 19к2",Ломоносовская,15000
331,2750000,1,30.0,7,12,"проспект Ветеранов, 169к1",Проспект Ветеранов,15000
332,2750000,1,22.0,16,23,"Октябрьская набережная, 44к2",Улица Дыбенко,25000
333,5426659,1,40.0,18,23,"улица Дыбенко, 8к2",Улица Дыбенко,2000
334,40000000,1,172.0,5,9,"Вязовая улица, 10",Крестовский остров,500
335,2795000,1,24.0,4,13,"проспект Ветеранов, 169к3",Проспект Ветеранов,23000
336,2750000,1,27.0,20,25,"улица Русановская, 19к2",Ломоносовская,15000
337,2750000,1,30.0,7,12,"проспект Ветеранов, 169к1",Проспект Ветеранов,15000
338,2750000,1,22.0,16,23,"Октябрьская набережная, 44к2",Улица Дыбенко,25000
339,2770000,1,27.0,8,12,"проспект Ветеранов, 169к1",Проспект Ветеранов,15000
340,2835000,1,30.0,4,8,"Петергофское шоссе, 84к19",Проспект Ветеранов,15000
341,2809310,1,27.0,2,15,"Пулковское шоссе, 30",Московская,8000
342,2824530,1,34.0,8,9,"Славянка тер., улица Ростовская",Купчино,20000
343,2800000,1,31.0,1,8,"Петергофское шоссе, 84к19",Проспект Ветеранов,15000
344,3670000,1,31.0,2,9,"Пловдивская улица, 3К2",Купчино,1800
345,7700000,1,42.0,9,12,"Приморский проспект, 52К1",Старая Деревня,1500
346,8977000,3,94.0,5,24,"бульвар Балтийский, 4",Ленинский проспект,10000
347,2886620,1,21.0,4,23,"Октябрьская набережная, 44к2",Улица Дыбенко,25000
348,2864740,1,36.0,1,27,"Усть-Славянка тер., проспект Советский",Рыбацкое,10000
349,2893870,1,37.0,1,27,"Усть-Славянка тер., проспект Советский",Рыбацкое,10000
350,2884340,1,39.0,2,9,"Славянка тер., улица Ростовская",Купчино,20000
351,2850000,1,31.0,24,25,"дорога Муринская, 16к2",Академическая,15000
352,2862000,1,27.0,16,16,"проспект Металлистов, 117",Площадь Ленина,10000
353,2889000,1,21.0,2,5,"6-я Советская улица, 8",Площадь Восстания,1000
354,2942710,1,37.0,6,9,"Славянка тер., улица Ростовская",Купчино,20000
355,2900880,1,24.0,8,12,"Кубинская улица, 82к1",Московская,7000
356,2934260,1,35.0,2,11,"проспект Старорусский, 13к1",Купчино,17000
357,2929160,1,33.0,1,8,"Петергофское шоссе, 84к19",Проспект Ветеранов,15000
358,2925100,1,26.0,21,23,"Октябрьская набережная, 44к2",Улица Дыбенко,25000
359,60000000,1,180.0,6,6,"Мытнинская набережная, 7/5",Спортивная,1300
360,2934260,1,35.0,2,11,"проспект Старорусский, 13к1",Купчино,17000
361,2929160,1,33.0,1,8,"Петергофское шоссе, 84к19",Проспект Ветеранов,15000
362,2925100,1,26.0,21,23,"Октябрьская набережная, 44к2",Улица Дыбенко,25000
363,2938580,1,30.0,14,15,"Пулковское шоссе, 30",Московская,8000
364,2904770,1,20.0,22,23,"Октябрьская набережная, 44к2",Улица Дыбенко,25000
365,2906100,1,32.0,19,19,"Комендантский проспект, 59к1",Комендантский проспект,10000
366,2902000,1,22.0,2,6,"Боровая улица, 11-13",Лиговский проспект,1000
367,2900000,1,25.0,16,17,"улица Среднерогатская, 20",Звёздная,1000
368,2916000,1,22.0,2,4,"Гродненский переулок, 11",Чернышевская,1000
369,9812000,3,84.0,10,10,"улица Парфеновская, 9к1",Фрунзенская,1000
370,211440000,6,352.0,8,8,"Вязовая улица, 8",Крестовский остров,1500
371,8100000,3,58.0,4,4,"проспект Обуховской обороны, 13",Площадь Александра Невского,1000
372,2950150,1,25.0,25,25,"Усть-Славянка тер., проспект Советский",Рыбацкое,10000
373,2974840,1,34.0,3,11,"проспект Старорусский, 13к1",Купчино,17000
374,2968950,1,38.0,2,11,"проспект Старорусский, 13к1",Купчино,17000
375,2963440,1,36.0,4,11,"проспект Старорусский, 13к1",Купчино,17000
376,2950140,1,25.0,25,25,"Усть-Славянка тер., проспект Советский",Рыбацкое,10000
377,2952400,1,27.0,16,19,"Комендантский проспект, 55к1",Комендантский проспект,10000
378,2999000,1,31.0,5,5,"Авангардная улица, 39К2",Автово,15000
379,2990000,1,27.0,6,21,"Комендантский проспект, 66к1",Комендантский проспект,10000
380,2990000,1,24.0,3,16,"проспект Маршала Блюхера, 7к1",Лесная,10000
381,3024280,1,27.0,13,18,"улица Среднерогатская, 16к2",Звёздная,5000
382,3006830,1,37.0,8,11,"проспект Старорусский, 13к1",Купчино,17000
383,3023910,1,27.0,30,32,"Усть-Славянка тер., улица Заводская",Рыбацкое,15000
384,3000000,1,28.0,10,23,"улица Русановская, 19к2",Ломоносовская,15000
385,3000000,1,28.0,10,24,"улица Русановская, 19к2",Ломоносовская,10000
386,31703000,1,91.0,2,9,"набережная Воскресенская, 30",Чернышевская,1500
387,18990000,4,100.0,17,20,"Киевская улица, 3",Фрунзенская,800
388,3006830,1,37.0,8,11,"проспект Старорусский, 13к1",Купчино,17000
389,3000000,1,28.0,10,24,"улица Русановская, 19к2",Ломоносовская,10000
390,3036040,1,34.0,1,14,"Усть-Славянка тер., проспект Советский",Рыбацкое,10000
391,3048640,1,27.0,10,21,"Полевая Сабировская улица, 45к1",Старая Деревня,2000
392,3025920,1,24.0,2,4,"Захаржевская улица, 14",Московская,25000
393,3041920,1,25.0,7,16,"улица Маршала Тухачевского, 23",Новочеркасская,10000
394,3030000,1,28.0,20,23,"улица Русановская, 19к2",Ладожская,15000
395,3080000,1,33.0,17,20,"улица Прокофьева, 7к2",Проспект Просвещения,1000
396,13844340,2,77.0,3,7,"20-я Васильевского острова линия, 19",Василеостровская,5000
397,10607630,1,53.0,5,7,"20-я Васильевского острова линия, 19",Василеостровская,5000
398,11700000,1,74.0,2,5,"Нижне-Каменская улица, 7к1",Комендантский проспект,5000
399,3090530,1,34.0,1,8,"Петергофское шоссе, 84к19",Проспект Ветеранов,15000
400,3070000,1,23.0,24,24,"Парашютная улица, 42к2",Комендантский проспект,3000
401,3053850,1,26.0,31,32,"Усть-Славянка тер., улица Заводская",Рыбацкое,15000
402,3061300,1,28.0,18,19,"Комендантский проспект, 55к1",Комендантский проспект,10000
403,3050000,1,24.0,14,20,"аллея Арцеуловская, 23к1",Комендантский проспект,10000
404,3050000,1,34.0,3,18,"Школьная улица, 6к2",Купчино,9000
405,3050000,1,37.0,2,25,"улица Тихоокеанская, 1к1",Озерки,15000
406,3107020,1,23.0,17,17,"улица Среднерогатская, 20",Звёздная,1000
407,13500000,3,94.0,5,17,"Варшавская улица, 19к2",Парк Победы,1000
408,13629000,2,83.0,3,8,"улица Мира, 36",Горьковская,1000
409,13554000,1,100.0,2,14,"улица Жукова, 3",Площадь Ленина,10000
410,13650000,2,90.0,3,9,"Исполкомская улица, 17",Площадь Александра Невского,500
411,13600000,2,66.0,2,15,"Дивенская улица, 5",Горьковская,600
412,13739000,2,91.0,12,14,"улица Жукова, 1",Площадь Ленина,10000
413,13849770,3,92.0,2,9,"Тележная улица, 17-19",Площадь Александра Невского,1000
414,13844340,2,77.0,3,7,"20-я Васильевского острова линия, 19",Василеостровская,5000
415,13921110,3,81.0,3,23,"Комендантский проспект, 58к1",Комендантский проспект,10000
416,13800000,1,96.0,5,15,"Парашютная улица, 23к2",Комендантский проспект,15000
417,13900000,2,92.0,2,3,"Захарьевская улица, 7",Чернышевская,1000
418,14018240,2,76.0,8,9,"Исполкомская улица, 17",Площадь Александра Невского,1000
419,14026690,3,99.0,2,8,"Липовая аллея, 15Б",Старая Деревня,500
420,13957000,2,91.0,13,14,"улица Жукова, 1",Площадь Ленина,10000
421,14000000,3,158.0,9,25,"проспект Энгельса, 93",Удельная,1000
422,14200000,3,121.0,2,7,"проспект Энгельса, 50",Удельная,500
423,14150000,4,150.0,16,18,"Рыбацкий проспект, 7",Рыбацкое,10000
424,14299000,1,103.0,4,21,"проспект Королева, 21а",Комендантский проспект,10000
425,14290000,1,110.0,2,4,"Подольская улица, 1-3-5",Технологический институт,500
426,14422000,1,60.0,5,11,"улица Грота, 1-3В",Петроградская,1500
427,2492000,1,18.0,1,6,"улица Марата, 36-38",Площадь Восстания,500
428,8800000,2,75.0,2,10,"Пулковская улица, 2к3",Звёздная,1000
429,3187840,1,27.0,9,12,"Кубинская улица, 82к1",Московская,7000
430,3159410,1,28.0,3,12,"Кубинская улица, 82к1",Московская,7000
431,3181200,1,29.0,18,19,"Комендантский проспект, 55к1",Комендантский проспект,10000
432,3172620,1,28.0,3,23,"Заречная улица, 10",Парнас,1500
433,3152700,1,26.0,2,16,"улица Репищева, 10к1",Комендантский проспект,2000
434,3195800,1,36.0,1,15,"Пулковское шоссе, 30",Московская,8000
435,3179480,1,29.0,1,15,"Пулковское шоссе, 30",Московская,8000
436,3150000,1,24.0,2,9,"бульвар Новаторов, 108",Проспект Ветеранов,200
437,3150000,1,41.0,20,25,"улица Тихоокеанская, 1к1",Озерки,15000
438,3150000,1,31.0,5,5,"Кубинская улица, 50",Парк Победы,2400
439,3234200,1,29.0,16,23,"Заречная улица, 10",Парнас,1500
440,45220000,2,160.0,9,13,"Ждановская улица, 45",Спортивная,10000
441,12550000,1,107.0,9,10,"Богатырский проспект, 47к2",Старая Деревня,10000
442,33431000,3,130.0,8,8,"Смольный проспект, 17",Чернышевская,1000
443,3239170,1,25.0,16,18,"улица Среднерогатская, 14к1",Звёздная,5000
444,3224490,1,35.0,5,15,"Пулковское шоссе, 30",Московская,8000
445,3224000,1,25.0,20,24,"улица Среднерогатская, 16к5",Звёздная,1000
446,3245300,1,35.0,5,14,"Усть-Славянка тер., проспект Советский",Рыбацкое,10000
447,3242000,1,32.0,16,19,"Комендантский проспект, 57к1",Комендантский проспект,10000
448,3233700,1,36.0,18,19,"Комендантский проспект, 57к1",Комендантский проспект,10000
449,3212073,1,33.0,3,24,"улица Русановская, 11",Ломоносовская,10000
450,3212070,1,33.0,3,23,"улица Русановская, 11",Ломоносовская,15000
451,3200000,1,31.0,2,5,"Витебский проспект, 61К2",Звёздная,1500
452,3200000,1,28.0,2,3,"проспект Непокоренных, 11",Площадь Мужества,1100
453,3230000,1,23.0,3,6,"улица Шкапина, 22",Балтийская,600
454,3200000,1,23.0,19,19,"бульвар Головнина, 10",Приморская,30000
455,3200000,1,20.0,4,6,"Кирилловская улица, 22",Площадь Александра Невского,2000
456,15417000,3,117.0,5,12,"Уральская улица, 6",Василеостровская,10000
457,14200000,3,121.0,2,7,"проспект Энгельса, 50",Удельная,500
458,3200000,1,25.0,5,16,"Богатырский проспект, 51к1",Беговая,2000
459,3200000,1,24.0,15,24,"Кондратьевский проспект, 68к4",Лесная,15000
460,3200000,1,30.0,2,29,"проспект Просвещения, 43",Проспект Просвещения,2300
461,3265830,1,20.0,8,14,"Большой Сампсониевский проспект, 68Ж",Выборгская,2000
462,3263040,1,34.0,14,19,"Комендантский проспект, 59к1",Комендантский проспект,10000
463,3294900,1,37.0,14,19,"Комендантский проспект, 59к1",Комендантский проспект,10000
464,3289440,1,27.0,1,4,"Захаржевская улица, 14",Московская,25000
465,3298110,1,39.0,1,15,"Пулковское шоссе, 30",Московская,8000
466,3259250,1,37.0,1,15,"Пулковское шоссе, 30",Московская,8000
467,3250000,1,33.0,8,8,"Петергофское шоссе, 72к5",Проспект Ветеранов,15000
468,3600000,1,35.0,13,17,"Ковалевская улица, 26",Ладожская,25000
469,3335910,1,36.0,2,8,"Петергофское шоссе, 84к19",Проспект Ветеранов,15000
470,3315920,1,23.0,18,23,"Октябрьская набережная, 44к2",Улица Дыбенко,25000
471,3337250,1,28.0,15,25,"проспект Просвещения, 43",Проспект Просвещения,2000
472,3336870,1,39.0,1,15,"Пулковское шоссе, 30",Московская,8000
473,3312100,1,30.0,18,19,"Комендантский проспект, 55к1",Комендантский проспект,10000
474,3329100,1,37.0,18,19,"Комендантский проспект, 59к1",Комендантский проспект,10000
475,3321620,1,38.0,2,15,"Пулковское шоссе, 30",Московская,8000
476,3300000,1,35.0,1,12,"Кондратьевский проспект, 83К2",Площадь Ленина,15000
477,3320000,1,35.0,8,8,"Петергофское шоссе, 84к19",Проспект Ветеранов,15000
478,3300000,1,24.0,4,4,"4-я Красноармейская улица, 9",Технологический институт,600
479,3300000,1,27.0,3,12,"проспект Маршала Блюхера, 7к3",Лесная,2000
480,3250000,1,33.0,8,8,"Петергофское шоссе, 72к5",Проспект Ветеранов,15000
481,33667970,3,144.0,6,9,"переулок Басков, 2",Чернышевская,1500
482,5074000,2,46.0,4,16,"проспект Металлистов, 117",Площадь Ленина,10000
483,3337250,1,28.0,15,25,"проспект Просвещения, 43",Проспект Просвещения,2000
484,3308180,1,38.0,5,15,"Пулковское шоссе, 30",Московская,8000
485,3312100,1,30.0,18,19,"Комендантский проспект, 55к1",Комендантский проспект,10000
486,3329100,1,37.0,18,19,"Комендантский проспект, 59к1",Комендантский проспект,10000
487,3329020,1,23.0,11,25,"Комендантский проспект, 60к1",Комендантский проспект,10000
488,3346930,1,38.0,10,15,"Пулковское шоссе, 30",Московская,8000
489,3336870,1,39.0,1,15,"Пулковское шоссе, 30",Московская,8000
490,3341050,1,40.0,1,15,"Пулковское шоссе, 30",Московская,8000
491,3300000,1,35.0,1,12,"Кондратьевский проспект, 83К2",Площадь Ленина,15000
492,3320000,1,35.0,8,8,"Петергофское шоссе, 84к19",Проспект Ветеранов,15000
493,3300000,1,24.0,4,4,"4-я Красноармейская улица, 9",Технологический институт,600
494,3300000,1,27.0,3,12,"проспект Маршала Блюхера, 7к3",Лесная,2000
495,3300000,1,31.0,5,5,"проспект Науки, 13К2",Политехническая,1100
496,7200000,1,53.0,7,24,"бульвар Балтийский, 4",Ленинский проспект,10000
497,3300000,1,24.0,11,25,"Комендантский проспект, 69",Комендантский проспект,10000
498,73900000,4,160.0,8,8,"Смольная набережная, 8к2",Чернышевская,5000
499,40800150,3,178.0,8,8,"Смольный проспект, 17",Чернышевская,1000
500,28025120,3,142.0,4,7,"Смольный проспект, 3",Чернышевская,5000
501,18330000,3,105.0,6,10,"Кирочная улица, 70",Площадь Александра Невского,2700
502,17572000,2,67.0,4,9,"Петровский проспект, 24к3",Крестовский остров,1600
503,15599000,2,79.0,7,10,"Кирочная улица, 70",Площадь Александра Невского,2700
504,15474270,2,86.0,5,9,"Исполкомская улица, 17",Площадь Александра Невского,1000
505,14316362,2,99.0,10,11,"Уральская улица, 4к2",Василеостровская,1300
506,12690000,4,108.0,7,10,"Кременчугская улица, 19к2",Лиговский проспект,1400
507,12196859,3,112.0,2,18,"Московский проспект, 115",Московские ворота,500
508,11008143,2,76.0,6,11,"Уральская улица, 4к2",Василеостровская,1300
509,10600000,1,35.0,3,5,"улица Радищева, 34",Чернышевская,500
510,5500000,1,35.0,23,25,"дорога Кушелевская, 5к4",Лесная,2000
511,5200000,2,53.0,19,27,"Заречная улица, 33",Парнас,600
512,4950000,1,34.0,22,26,"проспект Луначарского, 78к5А",Гражданский проспект,15000
513,15609686,3,118.0,16,24,"Московский проспект, 183-185",Московская,500
514,32000000,3,150.0,8,15,"Ждановская улица, 45",Крестовский остров,1700
515,17800000,4,107.0,3,4,"Кирочная улица, 22",Чернышевская,200
516,17300000,2,116.0,2,5,"Нижне-Каменская улица, 7к1",Комендантский проспект,23000
517,3402850,1,27.0,12,24,"Дальневосточный проспект, 15АГ1",Улица Дыбенко,2000
518,3434880,1,29.0,13,25,"проспект Просвещения, 43",Проспект Просвещения,2000
519,3400320,1,28.0,1,4,"Захаржевская улица, 14",Московская,25000
520,3419000,1,25.0,16,16,"улица Репищева, 10к1",Комендантский проспект,2000
521,3412960,1,27.0,4,18,"улица Салова, 61",Бухарестская,200
522,3400000,1,40.0,7,10,"шоссе Красносельское, 52к2",Проспект Ветеранов,15000
523,3400000,1,42.0,5,12,"Караваевская улица, 32К1",Рыбацкое,800
524,3400000,1,24.0,10,18,"улица Салова, 61",Бухарестская,200
525,3486010,1,42.0,5,11,"проспект Старорусский, 13к1",Купчино,17000
526,33230000,3,149.0,9,13,"Ждановская улица, 45",Спортивная,10000
527,5960000,1,46.0,2,18,"улица Коллонтай, 2",Проспект Большевиков,1500
528,3400000,1,24.0,10,18,"улица Салова, 61",Бухарестская,200
529,3486010,1,42.0,5,11,"проспект Старорусский, 13к1",Купчино,17000
530,3490370,1,40.0,16,32,"Усть-Славянка тер., улица Заводская",Рыбацкое,15000
531,3469670,1,27.0,8,18,"улица Среднерогатская, 14к1",Звёздная,5000
532,3490000,1,33.0,25,26,"улица Федора Абрамова, 4",Парнас,200
533,34884860,4,165.0,5,7,"Смольный проспект, 17",Чернышевская,1000
534,9000000,3,93.0,20,22,"улица Ворошилова, 25к1",Проспект Большевиков,1500
535,3524020,1,24.0,16,18,"улица Салова, 61",Бухарестская,200
536,3526960,1,28.0,5,18,"улица Среднерогатская, 14к1",Звёздная,5000
537,3538990,1,38.0,11,32,"Усть-Славянка тер., улица Заводская",Рыбацкое,15000
538,3518780,1,26.0,1,5,"улица Катерников, 5к1",Проспект Ветеранов,15000
539,3512720,1,23.0,2,23,"Пулковское шоссе, 14",Звёздная,1500
540,3512860,1,43.0,1,15,"Пулковское шоссе, 30",Московская,8000
541,3536000,1,28.0,2,24,"улица Среднерогатская, 16к5",Звёздная,1000
542,3549150,1,26.0,16,26,"Будапештская улица, 102",Купчино,1000
543,3507000,1,35.0,17,19,"Комендантский проспект, 57к1",Комендантский проспект,10000
544,3512270,1,41.0,12,15,"Пулковское шоссе, 30",Московская,8000
545,12257000,2,78.0,10,14,"улица Жукова, 1",Площадь Ленина,10000
546,15199000,3,91.0,7,23,"Комендантский проспект, 58к1",Комендантский проспект,15000
547,3519070,1,35.0,1,15,"Пулковское шоссе, 30",Московская,8000
548,3536000,1,28.0,2,24,"улица Среднерогатская, 16к5",Звёздная,1000
549,3549150,1,26.0,16,26,"Будапештская улица, 102",Купчино,1000
550,3507000,1,35.0,17,19,"Комендантский проспект, 57к1",Комендантский проспект,10000
551,3512270,1,41.0,12,15,"Пулковское шоссе, 30",Московская,8000
552,3500000,1,31.0,7,9,"проспект Науки, 30К1",Академическая,1500
553,3500000,1,26.0,1,4,"проспект Бакунина, 35",Площадь Александра Невского,1100
554,3500000,1,25.0,15,18,"улица Среднерогатская, 12к1",Звёздная,2000
555,16950000,5,159.0,4,5,"проспект Большой Петроградской стороны, 16",Спортивная,600
556,3550000,1,34.0,21,23,"улица Русановская, 16к3",Ломоносовская,15000
557,3597000,2,52.0,5,5,"улица Богайчука, 20",Рыбацкое,12000
558,3550000,1,26.0,9,16,"Пулковское шоссе, 14Д",Звёздная,1900
559,3590000,1,37.0,27,27,"Усть-Славянка тер., улица Славянская",Рыбацкое,2000
560,3550000,1,25.0,12,16,"Учительская улица, 19к3",Гражданский проспект,1500
561,3600000,1,27.0,7,24,"Парашютная улица, 42к2",Комендантский проспект,3000
562,3649980,1,29.0,7,17,"улица Среднерогатская, 20",Звёздная,1000
563,33667970,3,144.0,6,9,"переулок Басков, 2",Чернышевская,1500
564,4300000,1,44.0,2,5,"улица Ушинского, 20К2",Гражданский проспект,1500
565,3618240,1,38.0,17,19,"Комендантский проспект, 59к1",Комендантский проспект,10000
566,3646350,1,27.0,20,26,"Будапештская улица, 102",Купчино,1000
567,3625630,1,43.0,5,15,"Пулковское шоссе, 30",Московская,8000
568,3646590,1,45.0,1,15,"Пулковское шоссе, 30",Московская,8000
569,3600000,2,45.0,4,5,"проспект Маршала Блюхера, 38К2",Новочеркасская,20000
570,3600000,1,31.0,3,5,"Будапештская улица, 12",Международная,800
571,3600000,3,52.0,2,4,"улица Братьев Радченко, 15",Купчино,44000
572,3675820,2,54.0,2,9,"Славянка тер., улица Ростовская",Купчино,20000
573,3680720,1,33.0,2,18,"улица Среднерогатская, 16к4",Звёздная,5000
574,3663150,1,39.0,3,32,"Усть-Славянка тер., улица Заводская",Рыбацкое,15000
575,10607630,1,53.0,5,7,"20-я Васильевского острова линия, 19",Василеостровская,5000
576,9990000,3,79.0,13,16,"Северный проспект, 63К1",Академическая,1800
577,12069750,1,42.0,1,6,"Петровский проспект, 2с2",Спортивная,1000
578,3600000,1,31.0,3,5,"Будапештская улица, 12",Международная,800
579,3600000,3,52.0,2,4,"улица Братьев Радченко, 15",Купчино,44000
580,3675820,2,54.0,2,9,"Славянка тер., улица Ростовская",Купчино,20000
581,3680720,1,33.0,2,18,"улица Среднерогатская, 16к4",Звёздная,5000
582,3663150,1,39.0,3,32,"Усть-Славянка тер., улица Заводская",Рыбацкое,15000
583,3660800,1,28.0,2,26,"Будапештская улица, 102",Купчино,1000
584,3692000,1,26.0,5,19,"бульвар Головнина, 10",Приморская,10000
585,3689170,1,28.0,11,18,"улица Салова, 61",Бухарестская,200
586,3672660,1,44.0,2,15,"Пулковское шоссе, 30",Московская,8000
587,3692000,1,27.0,7,19,"бульвар Головнина, 10",Приморская,10000
588,8490000,1,77.0,4,23,"проспект Ударников, 33",Ладожская,5000
589,10900000,7,225.0,2,3,"Песочная улица, 3",Беговая,10000
590,3692000,1,27.0,7,19,"бульвар Головнина, 10",Приморская,10000
591,3690000,1,30.0,15,18,"улица Среднерогатская, 16к5",Звёздная,1000
592,3650000,1,37.0,2,10,"улица Черкасова, 2",Гражданский проспект,1500
593,3690000,1,36.0,3,16,"проспект Ветеранов, 114К3",Проспект Ветеранов,1000
594,3718920,1,34.0,8,18,"улица Среднерогатская, 16к4",Звёздная,5000
595,3747890,1,37.0,1,5,"Пулковское тер., улица Образцовая",Купчино,15000
596,3717310,1,28.0,1,5,"улица Катерников, 5к1",Проспект Ветеранов,15000
597,3727660,1,27.0,5,5,"улица Катерников, 5к1",Проспект Ветеранов,15000
598,3700070,1,33.0,21,25,"Усть-Славянка тер., проспект Советский",Рыбацкое,10000
599,3729600,1,33.0,19,21,"Полевая Сабировская улица, 45к1",Старая Деревня,2000
600,3742000,1,37.0,17,19,"Комендантский проспект, 57к1",Комендантский проспект,10000
601,3746970,1,40.0,2,10,"улица Гагаринская, 77к1",Чёрная речка,30000
602,7090000,1,55.0,3,10,"Уральская улица, 6",Василеостровская,1600
603,37000000,3,128.0,9,13,"набережная Воскресенская, 4",Чернышевская,1500
604,5350000,1,34.0,14,17,"проспект Маршала Блюхера, 9к3",Выборгская,2000
605,3700070,1,33.0,21,25,"Усть-Славянка тер., проспект Советский",Рыбацкое,10000
606,3729600,1,33.0,19,21,"Полевая Сабировская улица, 45к1",Старая Деревня,2000
607,3742000,1,37.0,17,19,"Комендантский проспект, 57к1",Комендантский проспект,10000
608,3746970,1,40.0,2,10,"улица Гагаринская, 77к1",Чёрная речка,30000
609,3706270,1,44.0,9,15,"Пулковское шоссе, 30",Московская,8000
610,3700000,1,36.0,12,23,"улица Русановская, 17к3",Ломоносовская,15000
611,3700000,1,27.0,18,25,"Камышовая улица, 38к1",Пионерская,10000
612,3700000,1,30.0,9,12,"аллея Поликарпова, 3к1",Пионерская,1500
613,3700000,1,31.0,2,9,"улица Тельмана, 40",Улица Дыбенко,2300
614,3700000,1,30.0,6,9,"Альпийский переулок, 45",Международная,3000
615,13300000,2,109.0,4,25,"Ланское шоссе, 14к1",Чёрная речка,1000
616,3755830,1,23.0,9,14,"Большой Сампсониевский проспект, 68Ж",Выборгская,2000
617,3770000,1,38.0,2,21,"Полевая Сабировская улица, 45к1",Старая Деревня,2000
618,3767370,1,45.0,24,24,"Усть-Славянка тер., улица Заводская",Рыбацкое,15000
619,4634210,1,40.0,3,19,"улица Дыбенко, 8к2",Улица Дыбенко,2000
620,3797000,1,38.0,4,18,"проспект Маршака, 4",Гражданский проспект,2400
621,3750000,1,27.0,14,25,"Полевая Сабировская улица, 47к2",Старая Деревня,1500
622,3790000,1,32.0,6,19,"Комендантский проспект, 55к1",Комендантский проспект,1000
623,3789000,1,31.0,3,5,"улица Ленсовета, 56",Звёздная,1000
624,3790000,1,24.0,11,17,"Туристская улица, 20к2",Беговая,1700
625,3777800,1,33.0,22,24,"Кондратьевский проспект, 68к4",Лесная,15000
626,3790000,1,32.0,5,12,"проспект Ветеранов, 169к1",Проспект Ветеранов,
627,3810000,1,25.0,5,11,"Лиговский проспект, 271",Обводный канал,1000
628,17259000,1,105.0,5,7,"Приморское шоссе, 424",Старая Деревня,15000
629,13739000,2,91.0,12,14,"улица Жукова, 1",Площадь Ленина,10000
630,3847290,1,30.0,14,18,"улица Салова, 61",Бухарестская,200
631,3800000,1,25.0,8,17,"проспект Ветеранов, 75к1",Проспект Ветеранов,1500
632,3800000,1,36.0,1,5,"улица Шателена, 2к2",Площадь Мужества,500
633,3800000,1,29.0,5,22,"Выборгское шоссе, 27к3",Проспект Просвещения,2000
634,3800000,1,35.0,9,24,"улица Николая Рубцова, 11к1",Парнас,1000
635,3800000,1,36.0,5,12,"улица Ушинского, 15К2",Гражданский проспект,500
636,3800000,1,27.0,5,14,"улица Дыбенко, 8к1",Улица Дыбенко,1500
637,3888210,1,26.0,5,11,"Лиговский проспект, 271",Обводный канал,1000
638,3899000,1,37.0,2,18,"улица Среднерогатская, 16к2",Звёздная,5000
639,3859410,1,34.0,14,18,"улица Среднерогатская, 16к2",Звёздная,5000
640,3871440,1,38.0,6,18,"улица Среднерогатская, 16к4",Звёздная,5000
641,3882820,1,29.0,4,5,"улица Катерников, 6к1",Проспект Ветеранов,15000
642,3893600,1,34.0,2,5,"Пулковское тер., улица Образцовая",Купчино,15000
643,24900000,6,231.0,4,5,"Звенигородская улица, 2/44",Звенигородская,100
644,8487000,2,60.0,17,25,"проспект Просвещения, 15",Проспект Просвещения,500
645,3882820,1,29.0,4,5,"улица Катерников, 6к1",Проспект Ветеранов,15000
646,3893600,1,34.0,2,5,"Пулковское тер., улица Образцовая",Купчино,15000
647,3859560,1,38.0,1,15,"Пулковское шоссе, 30",Московская,8000
648,3850000,2,42.0,1,5,"улица Верности, 28К3",Академическая,2100
649,3850000,2,48.0,2,9,"Загородная улица, 43к3",Рыбацкое,25000
650,3880000,1,33.0,8,10,"Планерная улица, 43К1",Комендантский проспект,2600
651,12500000,3,89.0,4,23,"Ленинский проспект, 74к3",Ленинский проспект,
652,18350000,3,97.0,3,7,"Гороховая улица, 3",Адмиралтейская,400
653,3850000,2,48.0,2,9,"Загородная улица, 43к3",Рыбацкое,25000
654,3880000,1,33.0,8,10,"Планерная улица, 43К1",Комендантский проспект,2600
655,3925730,1,35.0,18,18,"улица Среднерогатская, 16к4",Звёздная,5000
656,3933560,1,35.0,9,18,"улица Среднерогатская, 16к2",Звёздная,5000
657,3913960,1,29.0,3,5,"улица Катерников, 5к1",Проспект Ветеранов,15000
658,3946740,1,37.0,7,18,"улица Среднерогатская, 16к4",Звёздная,5000
659,3947010,1,30.0,2,5,"улица Катерников, 5к1",Проспект Ветеранов,15000
660,65000000,4,236.0,6,13,"Ждановская улица, 45",Спортивная,10000
661,4748181,1,27.0,9,10,"Социалистическая улица, 21",Лиговский проспект,500
662,3016180,1,24.0,3,4,"Захаржевская улица, 14",Московская,25000
663,3913960,1,29.0,3,5,"улица Катерников, 5к1",Проспект Ветеранов,15000
664,3946740,1,37.0,7,18,"улица Среднерогатская, 16к4",Звёздная,5000
665,3947010,1,30.0,2,5,"улица Катерников, 5к1",Проспект Ветеранов,15000
666,3938180,2,52.0,5,9,"Славянка тер., улица Ростовская",Купчино,20000
667,3900000,1,47.0,3,25,"Зеленогорская улица, 13",Пионерская,500
668,3924480,1,35.0,11,12,"Кубинская улица, 82к1",Московская,7000
669,3924480,1,35.0,11,12,"Кубинская улица, 82к1",Московская,7000
670,3935400,1,37.0,21,21,"Полевая Сабировская улица, 45к1",Старая Деревня,2000
671,3920000,1,39.0,4,21,"Сабировская улица, 45",Старая Деревня,2000
672,3900000,1,39.0,10,10,"Новобелицкая улица, 6к1",Проспект Ветеранов,15000
673,3900000,1,24.0,5,16,"проспект Энгельса, 132к1",Проспект Просвещения,1000
674,42982000,3,103.0,7,7,"Морской проспект, 29",Крестовский остров,1000
675,43590000,3,152.0,6,9,"переулок Басков, 2",Чернышевская,1500
676,4790000,2,38.0,18,18,"улица Среднерогатская, 12к1",Звёздная,1500
677,3924480,1,35.0,11,12,"Кубинская улица, 82к1",Московская,7000
678,3935400,1,37.0,21,21,"Полевая Сабировская улица, 45к1",Старая Деревня,2000
679,3920000,1,39.0,4,21,"Сабировская улица, 45",Старая Деревня,2000
680,3900000,1,39.0,10,10,"Новобелицкая улица, 6к1",Проспект Ветеранов,15000
681,3900000,1,24.0,5,16,"проспект Энгельса, 132к1",Проспект Просвещения,1000
682,3900000,1,32.0,2,5,"проспект Космонавтов, 13",Парк Победы,1500
683,3900000,1,32.0,1,16,"улица Вавиловых, 10к1",Академическая,1000
684,3900000,1,31.0,4,5,"Среднеохтинский проспект, 3К1",Новочеркасская,1500
685,3991190,1,33.0,8,19,"Комендантский проспект, 60к1",Комендантский проспект,10000
686,3970630,1,36.0,18,18,"улица Среднерогатская, 16к4",Звёздная,5000
687,3995940,1,39.0,13,18,"улица Среднерогатская, 16к4",Звёздная,5000
688,35000000,2,81.0,7,8,"Орловская улица, 1к2",Чернышевская,1500
689,26900000,3,180.0,14,14,"улица Жукова, 3",Площадь Ленина,10000
690,3950010,1,25.0,25,26,"Яхтенная улица, 28",Старая Деревня,10000
691,3950120,1,24.0,25,26,"Яхтенная улица, 28",Старая Деревня,10000
692,3950000,1,29.0,9,16,"проспект Маршала Блюхера, 9к1",Лесная,2000
693,3985740,1,33.0,12,12,"Кубинская улица, 82к1",Московская,7000
694,3951620,1,36.0,3,12,"Кубинская улица, 82к1",Московская,7000
695,3974000,1,40.0,17,19,"Комендантский проспект, 57к1",Комендантский проспект,10000
696,3996000,1,31.0,11,16,"улица Репищева, 10к1",Комендантский проспект,2000
697,3950000,2,43.0,4,5,"бульвар Разведчика, 16к3",Автово,20000
698,10905810,3,97.0,2,11,"Кременчугская улица, 21к3",Площадь Восстания,500
699,4007580,1,34.0,2,19,"Комендантский проспект, 60к1",Комендантский проспект,10000
700,4028540,1,38.0,12,18,"улица Среднерогатская, 16к2",Звёздная,5000
701,4006840,1,36.0,3,18,"улица Среднерогатская, 16к2",Звёздная,5000
702,4000200,1,30.0,1,12,"Витебский проспект, 15ЕЖ",Парк Победы,1500
703,4040360,1,35.0,7,7,"набережная Реки Каменки, 11к2",Озерки,20000
704,4031000,2,35.0,10,12,"Кубинская улица, 82к1",Московская,7000
705,4000000,1,24.0,15,21,"улица Катерников, 7",Ленинский проспект,8000
706,4039200,1,34.0,4,4,"Пулковское тер., улица Образцовая",Купчино,20000
707,4000000,1,42.0,8,9,"Пискаревский проспект, 159к7",Гражданский проспект,15000
708,4000000,2,54.0,1,6,"улица Освобождения, 25к2",Проспект Ветеранов,20000
709,5283770,1,42.0,14,25,"Пулковская улица, 6к5",Звёздная,1000
710,4089000,2,45.0,1,5,"Благодатная улица, 15",Электросила,1500
711,4032000,1,39.0,3,16,"проспект Металлистов, 117",Площадь Ленина,10000
712,4000000,2,43.0,1,5,"Двинская улица, 4К3",Балтийская,10000
713,4086790,1,40.0,5,15,"Пулковское шоссе, 30",Московская,8000
714,4056000,1,30.0,6,16,"проспект Маршала Блюхера, 9к1",Лесная,2000
715,4065910,1,34.0,2,23,"Октябрьская набережная, 44к2",Улица Дыбенко,25000
716,4098570,1,41.0,30,32,"Усть-Славянка тер., улица Заводская",Рыбацкое,15000
717,4050210,1,28.0,8,12,"Витебский проспект, 15ЕЖ",Парк Победы,1500
718,4070400,1,34.0,16,19,"Комендантский проспект, 55к1",Комендантский проспект,10000
719,2450000,1,29.0,14,24,"Заречная улица, 17к2",Парнас,2000
720,4070400,1,34.0,16,19,"Комендантский проспект, 55к1",Комендантский проспект,10000
721,4097980,1,34.0,11,11,"Политехническая улица, 4А",Площадь Мужества,1500
722,4070000,1,36.0,2,14,"Брюсовская улица, 11К2",Лесная,15000
723,4090000,2,44.0,7,9,"Софийская улица, 31",Международная,2000
724,4080000,1,35.0,6,14,"улица Щербакова, 4/18",Удельная,10000
725,4050000,1,23.0,8,25,"Мебельная улица, 35к2",Беговая,1000
726,4050000,1,24.0,18,24,"Кондратьевский проспект, 64к9",Лесная,15000
727,4050000,1,39.0,9,26,"Заречная улица, 11к4",Парнас,1500
728,4133640,2,36.0,6,12,"Кубинская улица, 82к1",Московская,7000
729,4128250,2,57.0,4,9,"Славянка тер., улица Ростовская",Купчино,20000
730,6500000,2,57.0,5,5,"Оранжерейная улица, 51а",Звёздная,15000
731,33000000,3,127.0,2,6,"Московский проспект, 208",Московская,1100
732,4050000,1,39.0,9,26,"Заречная улица, 11к4",Парнас,1500
733,4133640,2,36.0,6,12,"Кубинская улица, 82к1",Московская,7000
734,4128250,2,57.0,4,9,"Славянка тер., улица Ростовская",Купчино,20000
735,4105820,2,58.0,3,9,"Славянка тер., улица Ростовская",Купчино,20000
736,4125490,1,32.0,7,7,"набережная Реки Каменки, 11к2",Озерки,20000
737,4100000,1,37.0,14,23,"проспект Народного ополчения, 149",Проспект Ветеранов,2000
738,4127190,1,25.0,3,5,"улица Камероновская, 10с1",Московская,25000
739,4133640,2,36.0,4,12,"Кубинская улица, 82к1",Московская,7000
740,4106200,1,42.0,1,10,"улица Гагаринская, 77к1",Чёрная речка,30000
741,2241990,1,26.0,2,11,"проспект Старорусский, 13к1",Купчино,17000
742,2219400,1,25.0,18,19,"Комендантский проспект, 57к1",Комендантский проспект,10000
743,2227500,1,25.0,18,19,"Комендантский проспект, 59к1",Комендантский проспект,10000
744,2249000,1,17.0,2,5,"Загородный проспект, 24",Владимирская,1000
745,2250320,1,25.0,4,11,"проспект Старорусский, 13к1",Купчино,17000
746,2324100,1,27.0,2,11,"проспект Старорусский, 13к1",Купчино,17000
747,5600000,1,50.0,23,23,"улица Русановская, 17к3",Ломоносовская,15000
748,38900000,5,188.0,5,6,"улица Рубинштейна, 15-17",Владимирская,600
749,4054420,1,32.0,3,17,"Большой Сампсониевский проспект, 77/7",Лесная,1500
750,4186560,1,43.0,1,10,"улица Гагаринская, 77к1",Чёрная речка,30000
751,4172700,1,40.0,7,21,"Полевая Сабировская улица, 45к1",Старая Деревня,2000
752,4177360,1,43.0,12,15,"Пулковское шоссе, 30",Московская,8000
753,4162760,2,36.0,3,12,"Кубинская улица, 82к1",Московская,7000
754,4178690,2,50.0,21,25,"Усть-Славянка тер., улица Славянская",Рыбацкое,10000
755,4190000,1,24.0,20,25,"Коломяжский проспект, 15к2",Пионерская,500
756,4191430,1,39.0,9,11,"Политехническая улица, 4А",Площадь Мужества,1500
757,4163760,2,53.0,9,9,"Славянка тер., улица Ростовская",Купчино,20000
758,4150000,3,55.0,4,5,"улица Освобождения, 28",Проспект Ветеранов,20000
759,4150000,1,42.0,5,17,"Ленинский проспект, 55к2",Ленинский проспект,
760,4150000,1,37.0,13,25,"Парашютная улица, 4",Комендантский проспект,10000
761,4150000,1,39.0,12,26,"Заречная улица, 45к1",Парнас,5000
762,4212740,1,39.0,4,12,"Кубинская улица, 82к1",Московская,7000
763,7875000,1,56.0,4,12,"Уральская улица, 6",Василеостровская,10000
764,11499000,3,148.0,34,35,"проспект Обуховской обороны, 138к2",Пролетарская,5000
765,7674470,3,86.0,1,4,"Пулковское тер., улица Образцовая",Купчино,20000
766,4181190,1,27.0,11,14,"Малая Митрофаньевская улица, 5к1",Фрунзенская,1000
767,4191430,1,39.0,9,11,"Политехническая улица, 4А",Площадь Мужества,1500
768,4163760,2,53.0,9,9,"Славянка тер., улица Ростовская",Купчино,20000
769,4150000,1,39.0,12,26,"Заречная улица, 45к1",Парнас,5000
770,4150000,3,55.0,4,5,"улица Освобождения, 28",Проспект Ветеранов,20000
771,4150000,1,42.0,5,17,"Ленинский проспект, 55к2",Ленинский проспект,
772,4150000,1,37.0,13,25,"Парашютная улица, 4",Комендантский проспект,10000
773,4246670,2,55.0,9,9,"Славянка тер., улица Ростовская",Купчино,20000
774,2688000,1,19.0,2,5,"улица Маяковского, 19/15",Маяковская,1000
775,4225770,1,35.0,11,11,"Политехническая улица, 4А",Площадь Мужества,1500
776,4200000,2,45.0,1,5,"Альпийский переулок, 19К1",Международная,7000
777,4200000,1,31.0,5,5,"Среднеохтинский проспект, 1К4",Новочеркасская,2600
778,4200000,3,61.0,9,9,"Стрельнинское шоссе, 6к2",Автово,50000
779,4200000,1,36.0,12,12,"проспект Наставников, 9К1",Проспект Большевиков,10000
780,4200000,2,46.0,9,9,"улица Стойкости, 2/11",Проспект Ветеранов,10000
781,4200000,1,38.0,2,26,"улица Федора Абрамова, 8",Парнас,700
782,4200000,1,37.0,12,25,"Парашютная улица, 61к3",Комендантский проспект,10000
783,4200000,1,40.0,2,26,"Заречная улица, 11к2",Парнас,1500
784,4254770,1,40.0,8,12,"Кубинская улица, 82к1",Московская,7000
785,4284740,1,38.0,1,14,"Белоостровская улица, 23",Лесная,1500
786,4293580,1,31.0,4,5,"улица Катерников, 5к1",Проспект Ветеранов,15000
787,4294550,1,31.0,2,5,"улица Катерников, 6к1",Проспект Ветеранов,15000
788,4259990,1,32.0,1,5,"улица Катерников, 5к1",Проспект Ветеранов,15000
